1	img	505.856,189.994,799.744,450.016,/m/07j7r,tree&&753.664,384.00600000000003,827.392,446.572,/m/0c9ph5,flower&&61.44,175.07,103.424,209.51,/m/0c9ph5,flower&&979.968,260.596,1012.736,301.35,/m/0c9ph5,flower&&22.528,0.0,68.608,28.126,/m/0c9ph5,flower&&944.128,227.87800000000001,971.776,261.744,/m/0c9ph5,flower&&917.504,284.13,953.344,304.22,/m/0c9ph5,flower&&11.264,82.65599999999999,28.672,111.35600000000001,/m/0c9ph5,flower
2	img	238.87921144999999,80.4790954449,394.2293701,332.5823974539,1,person&&135.90338135,43.388671862699994,253.81597900000003,333.0,1,person&&175.31207275,297.2958374025,203.2565918,312.38592530939997,15,bracelet&&201.0875244,133.0114746141,217.5442505,150.71487426000002,33,necklace&&173.635376,289.8439941384,190.77471925,298.972534194,15,bracelet
3	img	4.2133788672,601.347168,117.2302245888,663.0318603264,59,motorcycle&&26.189575168,593.2811279616001,69.4329834496,667.1741943551999,1,person&&250.4593506304,469.18090821119995,275.9713134592,571.2288818688,12,street lights&&83.5744628736,580.9044189696,108.993286144,666.0187987968,1,person&&140.188964864,582.0598144512,163.6757812224,650.2283935488,1,person&&174.5197754368,578.5936279296,196.8035889152,640.599975552,1,person&&221.452026368,584.3706054912,241.815673856,644.0661620736,1,person&&218.9304199168,607.4180908032,246.329833984,637.166137728,47,bicycle&&774.5391845376,494.0872803072,795.4658202624,532.3676757503999,12,street lights&&126.7093506048,585.1408691711999,142.8848876544,632.1014404608001,1,person&&163.2969970688,593.998901376,178.3171386368,640.599975552,1,person&&388.448242176,711.3884277504001,411.5347900416,738.7371826176,67,traffic cone&&344.6851806208,698.7985840128,366.9091796992,723.1536865536,67,traffic cone&&316.981323264,689.3610839808,336.1608886272,711.5850829824001,67,traffic cone&&506.5992431616,744.5050048512,523.5195312128,768.0,67,traffic cone&&102.286987264,684.6585693696,125.511230464,700.0544433407999,67,traffic cone&&258.2247314432,671.7036132864,274.0555419648,691.1876220672,67,traffic cone&&183.180541952,681.2662353408,204.0563964928,695.8792724736,67,traffic cone&&1007.811889664,749.2888183296,1023.7615967232,767.8170166272,67,traffic cone&&978.8249511936,522.4359131136,988.9562988544,548.777343744,12,street lights&&65.8266601472,582.3691406592,78.5677490176,602.8569335807999,1,person&&107.811035136,585.9111327743999,122.5029297152,603.0375976704,1,person&&157.1594237952,590.8679198976,167.0833739776,614.3323974912,14,handbag/satchel&&133.8615723008,652.040161152,145.343261696,667.6970214912,67,traffic cone&&218.6694335488,660.9123535104,228.846313472,677.6129150208,67,traffic cone&&321.743652352,640.819335936,333.7471924224,654.9105224448,67,traffic cone&&338.1832274944,645.2554931712,349.92590336,659.0856933888,67,traffic cone&&83.664916992,659.7027588096,104.562866176,665.4771728640001,4,other shoes&&139.8680420352,642.1317138432,149.6822509568,650.1160888320001,30,boots&&858.7561034752,527.774047872,867.7857666048,535.809204096,12,street lights&&149.060058624,581.693115264,158.9215087616,588.4042968576,5,hat&&152.1773681664,639.1374511872,158.8310546432,648.7852783103999,30,boots&&65.5139160064,581.722290048,75.3098144768,588.252929664,5,hat&&174.1343993856,634.979003904,183.7822265344,640.8009033216,4,other shoes&&163.4885254144,635.4780273408,172.4710692864,641.2999267584,4,other shoes&&27.2100830208,662.9794921728001,38.2274169856,666.6917724671999,4,other shoes&&228.0819091456,584.1447753984,236.3940429824,589.0410156288001,5,hat&&168.0980225024,593.7458496,175.0832519168,598.9505615616,5,hat&&221.837280256,639.7642821888,230.9973144576,643.5130615296,4,other shoes&&183.9486084096,635.4780273408,189.9387206656,640.5841064448,4,other shoes&&233.2801513472,641.0317383168,238.2427978752,643.5130615296,4,other shoes&&93.8398437376,600.4392089856,96.6077881344,603.6474609408,15,bracelet
4	img	920.576,232.90200000000002,1014.784,567.954,/m/04yx4,man ( smile, stand )&&112.64,260.823,205.824,549.567,/m/04yx4,man ( stand )&&95.232,265.59000000000003,180.224,555.015,/m/01xyhv,suit&&275.456,271.719,357.376,510.75,/m/04yx4,man ( stand )&&167.936,254.694,239.616,526.413,/m/04yx4,man ( stand )&&577.536,254.694,652.288,512.112,/m/04yx4,man ( smile, stand )&&215.04,260.142,288.768,516.198,/m/04yx4,man ( smile, stand )&&507.904,267.63300000000004,588.8,488.277,/m/04yx4,man ( smile, stand )&&765.952,271.719,833.536,525.051,/m/04yx4,man ( smile, stand )&&440.32,268.995,513.024,498.49199999999996,/m/04yx4,man ( stand )&&642.048,279.89099999999996,704.512,505.302,/m/04yx4,man ( smile, stand )&&333.824,258.78000000000003,391.168,485.553,/m/04yx4,man ( stand )&&671.744,271.038,718.848,495.087,/m/04yx4,man ( smile, stand )&&72.704,237.66899999999998,145.408,335.052,/m/04yx4,man ( stand )&&618.496,260.142,663.552,335.052,/m/04yx4,man ( stand )&&418.816,275.805,464.896,335.052,/m/04yx4,man ( smile, stand )
5	img	643.072,409.101,679.936,463.001,/m/07j7r,tree&&559.104,411.796,582.656,461.384,/m/07j7r,tree&&361.472,447.909,388.096,487.795,/m/07j7r,tree&&612.352,415.569,638.976,454.377,/m/07j7r,tree&&586.752,410.17900000000003,610.304,451.68199999999996,/m/07j7r,tree&&332.8,458.15,354.304,477.015,/m/07j7r,tree&&308.224,464.079,321.536,483.483,/m/07j7r,tree
6	img	262.144,0.0,519.168,504.56,/m/07j7r,tree&&708.608,0.0,903.168,521.5600000000001,/m/07j7r,tree&&952.32,290.36,1014.784,375.36,/m/07j7r,tree&&524.288,306.68,562.176,418.2,/m/07j7r,tree&&879.616,286.96,920.576,354.28000000000003,/m/07j7r,tree&&145.408,325.03999999999996,174.08,375.36,/m/07j7r,tree
7	img	22.02,60.416,734.0,1016.832,/m/06msq,sculpture&&132.85399999999998,354.304,612.156,836.608,/m/0dzct,human face
8	img	381.952,361.46000000000004,754.688,681.318,/m/04bcr3,table&&0.0,420.794,403.456,681.318,/m/04bcr3,table&&386.048,314.402,967.68,450.12,/m/04bcr3,table&&557.056,487.63,1022.976,645.8539999999999,/m/04bcr3,table&&732.16,317.13,923.648,682.0,/m/01g317,person&&585.728,268.026,688.128,340.318,/m/04bcr3,table&&0.0,132.99,34.816,233.92600000000002,/m/01g317,person
9	img	550.7753906176,354.2869872827,628.1077880832,406.3305664026,22,boat&&291.6566162432,355.386474604,370.821533184,400.46655276810003,22,boat&&447.2806396928,343.3447265842,457.1225585664,352.3145752145,28,flag&&570.6478271488,382.64709472059997,577.946655232,391.88232423029996,69,lifesaver&&583.7558593536,382.8706054461,591.7248535552,391.212036158,69,lifesaver
10	img	92.16,30.176,930.816,652.72,/m/0dv5r,camera
11	img	134.160827664,164.2037353472,484.18762207599997,906.8096923648,1,person&&530.246459944,0.1380615168,680.0,687.229492224,1,person&&127.234951436,119.3009709056,473.20776700000005,312.1708737536,138,baseball bat&&228.484985352,165.3188476928,365.204345724,285.2969970688,18,helmet&&417.565185524,796.3879394304,482.577392548,907.0844726272,2,sneakers&&205.836059568,839.4366454784,291.05487058,904.4488525824,2,sneakers&&595.031127952,623.3148193792,667.071655244,685.6914062336,2,sneakers&&137.30963137999998,260.4760741888,188.265197732,321.0957031424,20,gloves&&536.168579128,617.165039104,580.0958252119999,666.3635254272,2,sneakers&&637.2011718919999,60.1680908288,680.0,78.6174316544,8,glasses
12	img	562.176,204.9,617.472,375.65000000000003,/m/01g317,person&&157.696,191.92300000000003,212.992,304.618,/m/01g317,person&&727.04,216.511,757.76,307.35,/m/01g317,person&&489.472,203.534,522.24,283.445,/m/01g317,person&&413.696,206.266,432.128,254.759,/m/01g317,person
13	img	236.214050304,493.533691392,512.0,767.5518799104,10,desk&&152.6823119872,440.01147463679996,365.5426635776,768.0,3,chair&&225.9110717952,527.2990722816,357.0787963904,768.0,3,chair&&0.1927490048,475.1796874752,133.8075561472,697.2786865152,10,desk&&103.60498048,340.0609130496,274.0159911936,485.40075686399996,3,chair&&426.1706543104,432.0257568,512.0,583.3977050880001,26,potted plant&&147.5823364096,423.82678225919994,269.9589843968,519.8963622912,48,stool&&303.5007934464,240.88012692479998,352.195251456,445.29882815999997,13,cabinet/shelf&&369.1944580096,429.8820801024,467.7905883648,512.3797607424001,25,bench&&36.042419456,384.80224611840003,95.7182617088,475.8247070208,10,desk&&17.9474487296,342.7442627328,101.6805420032,398.31066892800004,26,potted plant&&464.2547607552,195.05737305600002,508.2163085824,275.0529785088,95,clock&&157.2734985216,363.76330567680003,215.9155273216,411.02990722559997,29,pillow&&474.6082763776,331.05810547199997,512.0,401.063354496,19,book&&423.5317382656,326.797607424,455.5797118976,360.5224609536,17,picture/frame&&468.3583373824,328.3260497664,493.7015991296,368.20263674880005,17,picture/frame&&427.0148315648,284.91223142399997,466.574951168,305.29577633279996,27,bowl/basin&&469.6709594624,334.9107665664,487.9282226688,376.7951659776,1,person&&446.8315429888,339.22949222399996,471.1567993344,361.4991455232,17,picture/frame&&411.00714112,265.46008296959997,420.8396606464,301.12683102719996,36,wine glass
14	img	684.032,140.12,821.248,515.845,/m/04yx4,man ( smile, stand )&&336.896,149.725,461.824,509.065,/m/04yx4,man ( stand )&&337.92,190.97,464.896,506.24,/m/09j2d,clothing&&687.104,185.32000000000002,790.528,493.81,/m/09j2d,clothing&&72.704,169.5,169.984,476.85999999999996,/m/04yx4,man ( smile, stand )&&254.976,101.13499999999999,337.92,446.35,/m/04yx4,man ( stand )&&567.296,237.86499999999998,666.624,506.24,/m/09j2d,clothing&&163.84,231.08499999999998,267.264,477.99,/m/09j2d,clothing&&257.024,146.335,343.04,431.095,/m/09j2d,clothing&&463.872,293.8,571.392,483.64,/m/09j2d,clothing&&826.368,252.555,902.144,496.635,/m/09j2d,clothing&&73.728,200.01,157.696,418.665,/m/09j2d,clothing&&528.384,244.645,587.776,479.685,/m/09j2d,clothing
15	img	130.4404907,13.7304077034,481.89849855,333.6194458108,1,person&&360.7459717,14.485412599200002,500.0,333.98559571559997,3,chair&&87.3322754,44.2710876444,243.24731445000003,148.2458495994,50,van
16	img	87.04,88.27,373.76,497.02799999999996,/m/0d4v4,window&&562.176,169.75,673.792,245.119,/m/015p6,bird
17	img	0.0300903163,0.0466308608,469.23242187729994,330.2694091776,80,mirror&&366.3657226894,358.552062976,490.4530029357,475.772827136,1,person&&131.9243164144,298.715515136,236.3930053525,418.388610816,1,person&&473.23168944630004,312.0480956928,582.0545654008,404.6556396544,1,person&&315.3576049682,290.8681030144,403.6409912208,389.9417114112,1,person&&593.2250976762999,307.7240600576,682.8237304721,379.7921142784,1,person&&415.2169189659,281.4191894528,494.13146970760005,344.118408192,1,person&&3.8087158281,230.9583130112,57.676696749899996,298.9346313728,1,person&&118.75213625570001,232.2982177792,177.9822997721,289.9129638912,1,person&&268.9812621969,241.9904174592,333.5959472572,291.2590942208,1,person&&44.7144775529,222.606018048,95.86779786400001,272.4131469824,1,person&&173.9438476735,223.9521484288,219.98181154990002,271.8746948096,1,person&&109.59912109519999,23.4207763456,201.1867675719,45.5109863424,111,fan&&255.7891235488,223.1444702208,296.1732787883,265.4132690432,1,person&&429.8221435657,381.9875488256,457.1898193562,410.5036010496,2,sneakers&&190.4825439161,337.366882304,212.1168212846,364.0491943424,2,sneakers&&173.41552736650002,339.0495605248,189.761413597,368.135620096,2,sneakers&&87.50885011449999,34.0935668736,112.2052612019,52.5848388608,84,air conditioner&&44.2011719081,0.538635264,76.4180908047,14.4504394752,7,lamp&&358.7124023201,325.6053466624,374.5231933617,351.3438110208,2,sneakers&&139.4379882815,16.314514176,170.8932494831,27.8764648448,7,lamp&&654.5197754011,317.585144064,670.0152588097,340.0537109504,2,sneakers&&542.5499267461,339.1661987328,556.1019287371,363.7490844672,2,sneakers&&224.4522094454,31.9571533312,260.8382568499,40.2885131776,7,lamp&&454.5104980534,384.0927734272,465.6107178011,408.0156250112,2,sneakers&&371.2139892421,328.7307128832,382.9801025718,350.9761352704,2,sneakers&&380.4715576328,136.0916137472,393.5092773573,152.154113792,17,picture/frame&&399.66308591110004,166.3391113216,410.61474612390003,182.8187866112,17,picture/frame&&400.28881834180004,137.1346435584,412.7006835835,151.6325683712,17,picture/frame&&465.9648437391,297.4068603392,474.4742431384,316.6318969856,2,sneakers&&461.0797119199,296.1461791744,469.9044189522,313.795410176,2,sneakers&&376.8209228377,164.3573608448,386.8338623182,179.6897583104,17,picture/frame&&282.2846679652,248.216247552,291.7695923031,264.3757324288,2,sneakers&&668.4656982568,317.120300288,674.6639404001,341.6032714752,2,sneakers&&132.9851684747,245.5815429632,142.1187744144,260.5115356672,2,sneakers&&142.1187744144,249.6213989376,149.8472290183,265.2539673088,2,sneakers&&390.38012692710004,156.0132446208,400.0802002264,166.2348022272,17,picture/frame&&267.9912720013,226.8380737536,271.98773196220003,240.2381591552,2,sneakers
18	img	152.576,98.25,892.928,701.25,/m/01g317,person&&415.744,236.25,737.28,653.25,/m/09j2d,clothing&&456.704,136.5,595.968,264.0,/m/03q69,human hair&&481.28,127.50000000000001,576.512,212.99999999999997,/m/04hgtk,human head&&751.616,601.5,844.8,673.5,/m/04hgtk,human head&&243.712,521.25,324.608,569.25,/m/04hgtk,human head&&498.688,147.0,562.176,203.25,/m/0dzct,human face&&758.784,628.5,778.24,647.25,/m/0283dt1,human mouth&&522.24,183.0,542.72,195.75,/m/0283dt1,human mouth&&252.928,541.5,270.336,556.5,/m/0283dt1,human mouth
19	img	327.02,141.95,486.52,463.15,1,person&&427.73,166.86,476.73,302.34,27,backpack
20	img	634.88,295.056,832.512,683.0,/m/03bt1vf,woman ( stand )&&733.184,333.304,821.248,682.317,/m/09j2d,clothing&&106.496,183.044,229.376,360.624,/m/09j2d,clothing&&803.84,344.915,859.136,682.317,/m/09j2d,clothing&&862.208,439.85200000000003,987.136,542.985,/m/09j2d,clothing&&586.752,387.94399999999996,627.712,461.708,/m/09j2d,clothing
21	img	455.68,0.0,892.928,252.71,/m/07j7r,tree&&828.416,0.0,1022.976,282.079,/m/07j7r,tree&&666.624,0.0,883.712,229.48800000000003,/m/07j7r,tree&&439.296,130.453,722.944,226.756,/m/07j7r,tree
22	img	0.0,26.112000000000002,1024.0,676.608,/m/0199g,bicycle&&14.336,258.048,450.56,685.8240000000001,/m/083wq,wheel&&24.576,277.248,493.568,666.624,/m/01bqk0,bicycle wheel&&633.856,240.38400000000001,997.376,630.528,/m/01bqk0,bicycle wheel&&617.472,239.61599999999999,973.824,623.616,/m/083wq,wheel
23	img	18.0145873928,10.2189636,183.70800780279998,448.17517089999996,1,person&&133.1363525532,110.39581299999999,227.88061523960002,467.1221924,1,person&&236.4491577224,158.3731079,315.8720092804,297.8474121,1,person&&133.2947692748,441.50231935,249.56408692399998,500.0,48,stool&&284.62585447920003,409.03979489999995,332.0,500.0,48,stool&&171.852996822,429.03808595,226.9028320464,465.20220945,52,sandals&&149.484802262,429.03808595,182.83618164599997,463.19311525,52,sandals&&135.09390257319998,424.53430175,182.500854508,446.28570555000005,2,sneakers&&288.9403076248,280.85198975,315.2973022408,296.7887573,2,sneakers&&237.8609008712,283.5081177,258.292663566,296.99310305,2,sneakers&&114.0216980008,221.13653564999998,129.1314086984,230.4348755,15,bracelet
24	img	117.4881592,53.176452651,500.0,333.0,1,person&&0.2885437,76.38427732859999,274.14105225000003,333.0,1,person&&238.29785155,86.6827697607,499.5794067500001,333.0,1,person&&238.01574705000002,87.0144653331,335.7089844,167.32641602340001,5,hat&&22.41638185,275.4586791864,120.90112305,333.0,18,helmet
25	img	287.2770996147,42.9519653376,448.4855957309,226.5147094528,1,person&&81.4334717001,0.0006103552,177.48162839289998,227.4157714944,1,person&&141.5640869006,0.0012207104,236.67047121509998,170.2691040256,1,person&&304.6325683713,255.898071296,387.8199462579,338.6902466048,1,person&&426.80322264579996,298.2382202368,476.4078368764,347.9904174592,1,person&&400.6134033265,335.1792602624,448.4409179809,348.630798336,38,moniter/tv&&344.35205078300004,283.4882812416,353.1158447089,333.0588379136,44,tie&&376.6995849461,305.2870483456,384.1726074576,341.1577148416,32,microphone
26	img	105.62634275,69.5347595361,213.92962645,197.242309584,1,person&&137.4520874,172.95364379609998,210.6965332,195.9919433685,74,laptop&&111.31573485,111.4885864134,135.51538085,152.5023498618,11,cup&&175.78753659999998,129.5521850664,188.67248535,196.0805053845,32,microphone&&152.38046875,91.38354491339999,184.98046875,99.98354493810001,8,glasses
27	img	0.4819641,0.795104974,256.5253296,300.6735229448,1,person&&201.11602785,102.92700194640001,416.2196045,332.0,1,person&&405.951416,239.73718260319998,500.0,331.8107299872,25,bench&&432.52703855000004,184.4644165168,499.31011965,279.2031860308,1,person&&199.7055664,250.8627319488,230.88391115000002,312.2451171788,9,bottle
28	img	158.55010987260002,303.7247314432,218.7190551636,350.1049194496,59,motorcycle&&83.6971435545,316.7971191296,139.21014401009998,353.8654785024,59,motorcycle&&182.7251587101,304.7991332864,235.0148315106,342.7628784128,59,motorcycle&&221.04705809010002,303.366577152,253.45947264449998,338.4650878976,59,motorcycle&&157.64868161340002,315.9608154112,178.1799926895,335.972290048,39,backpack&&261.0622558662,290.752258304,275.2213744875,297.6721191424,59,motorcycle&&236.85003661860003,303.4860839936,244.43017577310002,311.0662231552,18,helmet&&445.8482665827,278.1193847808,453.04101561839997,283.8239135744,18,helmet
29	img	312.6755370849,46.181640654,587.2061768067,625.793334966,1,person&&0.0508422816,211.5831298608,195.0816649881,683.9660644344,1,person&&67.2073974561,285.9276733128,401.9591064621,546.5449218456,1,person&&387.31811521590004,110.48907474,432.04199217629997,257.4390259116,1,person&&470.4902344098,471.70812985919997,508.58740237800004,566.1036376848,2,sneakers&&153.8953857606,367.3967285484,218.1961669734,405.78039553319996,2,sneakers&&423.8057861334,575.1727295256001,468.5656738191,626.4510498036,2,sneakers&&158.06591799240002,8.7414550884,176.6945801181,115.00939941120001,12,street lights&&175.84777836450002,26.946716324399997,190.66601561369998,108.6587524368,12,street lights&&224.6818847757,388.7062988184,272.1141357198,412.208862282,2,sneakers&&188.54614253309998,339.2308349604,213.56811528030002,364.5864257652,2,sneakers&&207.0045165903,372.61047360960004,233.4768066675,393.4451904228,23,leather shoes&&749.9459228778001,185.0875854768,770.3242187321999,208.013183586,1,person&&561.1330566237,246.8887939728,582.8354492037,264.075073254,43,watch&&274.2934570695,89.2371826332,292.4442139014,100.55194093440001,5,hat&&407.23999020869996,249.0143432616,417.3424072752,258.2748412848,2,sneakers&&318.19958496479995,176.5000610316,324.8774413995,180.9519653196,4,other shoes&&311.27233882800004,176.35461424560003,314.81164548239997,180.6524657964,4,other shoes
30	img	598.6108398592,108.6726684772,900.88305664,683.0,1,person&&152.8645019648,146.1844482293,440.1663818752,683.0,1,person&&735.9638672384,218.2364501962,1023.8887939072,589.7598876825999,39,backpack&&303.63488768,507.2857666041,605.1267089408,683.0,125,trolley&&345.3842772992,190.7539672965,465.6397705216,591.8981933476,1,person&&471.7644043264,591.0524902487,549.585571328,682.9840087844,9,bottle&&524.4613037056,616.5704345675999,587.4093017088,683.0,9,bottle&&94.5826415616,245.5275268537,132.8487548928,338.8430786384,1,person&&364.3927002112,200.49487306780003,413.5008544768,234.8705444638,8,glasses&&43.812499968,201.38977053940002,133.6927490048,213.0741577283,7,lamp&&411.1729736704,192.5563354501,436.490234368,227.6109619152,5,hat&&137.3625488384,245.9424438214,162.728515584,265.510436987,1,person
31	img	28.672,63.519,766.976,628.36,/m/04brg2,tableware&&721.92,263.63800000000003,998.4,487.662,/m/01_bhs,fast food&&750.592,241.78199999999998,999.424,481.515,/m/04brg2,tableware&&49.152,31.418,322.56,200.802,/m/04brg2,tableware&&0.0,0.0,232.448,71.032,/m/04brg2,tableware
32	img	108.02020263579999,89.3180541952,282.2368164074,394.19714355200006,1,person&&0.17181395319999998,208.9191284224,122.5382690396,380.3704223744,1,person&&1.0040282954,208.970397952,39.134460484,276.1227417088,18,helmet&&157.48382566220002,34.6755981312,174.07592776040002,118.32720947199999,138,baseball bat&&177.7886962862,93.5386962944,220.725280728,120.0334472704,18,helmet&&91.1156005732,322.9625854464,122.91705320540001,353.3814087168,114,baseball glove&&0.31811520400000004,362.300964352,33.116210972400005,377.9459228672,2,sneakers&&111.0145263566,376.7715453952,130.4191284408,394.3103637504,2,sneakers&&265.878295898,376.398376448,283.7902831744,388.3397216768,2,sneakers&&167.7357178014,219.6687622144,221.47161865700002,223.0272216576,37,belt
33	img	28.192749029999998,38.43066405,330.3027343656,499.9938965,1,person&&92.2457275344,346.05334475,332.98748779140004,499.9977417,10,desk&&0.0344543445,27.708984400000002,67.7366027928,463.71966555,1,person&&0.5771179044,346.55389405,51.071075435699996,500.0,9,bottle
34	img	270.336,0.0,730.112,682.317,/m/01bl7v,boy ( stand )&&299.008,20.49,610.304,666.608,/m/01xyhv,suit
35	img	107.5798950288,231.22747805,331.4996338028,499.77435305,1,person&&0.0352478092,331.0506592,64.13488770320001,500.0,1,person&&218.91772461760002,231.91815185000002,271.0543212952,271.27148439999996,5,hat&&226.72442626880002,291.00549315,261.0928344664,326.79400635,33,necklace&&225.2379760816,248.5527954,259.5722045804,260.85162355,8,glasses
36	img	251.68408200500002,305.4055785984,303.574707035,476.5910644736,1,person&&243.86596679,357.508178688,264.39233399249997,396.8966674944,14,handbag/satchel&&647.3841552724999,488.5762939392,671.03747558,509.4469604352,2,sneakers&&398.5014648375,473.4450683392,418.76330563000005,494.5765991424,2,sneakers&&308.5798339675,460.1265869312,331.9251709025,477.8078002688,2,sneakers&&67.6173705775,459.0369872896,91.38476561499999,473.461364736,2,sneakers&&474.59240718999996,488.9241333248,496.50659177,503.8814697472,2,sneakers&&211.3999633825,461.5032958976,226.4967040675,483.107177728,2,sneakers&&225.97613525,462.2841186304,240.6823730425,483.888000512,2,sneakers&&451.808593715,472.8363647488,468.5051269875,491.446044928,2,sneakers&&42.201355007500005,347.0420532224,50.1492309525,384.743652352,39,backpack&&345.35717772,463.4646606336,362.3389892675,480.6547851776,2,sneakers&&492.33874515499997,385.340759296,508.55346681749995,402.9067382784,64,camera&&532.3345946999999,472.4015502848,545.0308837875,494.0548706304,2,sneakers&&422.676635735,472.8363647488,440.32971190499995,488.3154296832,2,sneakers&&671.2114258025,497.5332641792,690.082031235,511.7949218816,2,sneakers&&363.59350587,463.0913696256,376.78124997000003,482.2348632576,2,sneakers&&507.4636230675,494.2287597568,523.029663065,510.4035644416,2,sneakers&&43.358215332499995,464.3641357312,59.2578124625,479.690002432,2,sneakers&&211.29394532,377.567504896,244.4473876775,384.8062744064,37,belt&&280.11596683,459.7442627072,293.0002441025,476.8602294784,2,sneakers&&618.8608398225,486.4892578304,635.992187465,499.1855468544,2,sneakers&&310.723022455,448.032958976,323.0462646725,465.48455808,2,sneakers&&132.4449462975,450.9232787968,149.08209225000002,463.6265259008,2,sneakers&&254.217285135,463.4554443264,266.06042477249997,480.894714368,2,sneakers&&97.53149413000001,455.5032958976,109.251281745,472.9696045056,2,sneakers&&469.80957033,473.7929077248,482.85363772249997,489.4459228672,2,sneakers&&558.50988769,476.7495727616,573.2062987925,490.4894409216,2,sneakers&&154.081481935,448.136779776,167.604309065,463.0528564224,2,sneakers&&187.4534911875,451.22192384,201.24877933250002,465.6679077376,2,sneakers&&104.1464233175,362.9442138624,120.07690427499999,375.2775268352,64,camera&&171.70611576,452.3931884544,184.3300781275,467.8803100672,2,sneakers&&385.5477295075,470.8051147264,395.642333985,489.4800415232,2,sneakers&&581.293701165,477.793090816,594.3378906199999,492.141723648,2,sneakers&&635.3149413924999,313.0392456192,654.39392092,322.1451416064,8,glasses&&601.1208495725,483.70648192,616.9477538725,494.4027099648,2,sneakers&&108.67755126,451.8248290816,119.5777587825,465.5935058432,2,sneakers&&413.01013180250004,459.5068969472,427.48583987750004,469.7364502016,2,sneakers&&222.725891115,402.9728393728,233.18627931749998,415.6504516608,9,bottle&&605.6727294574999,303.5961303552,627.088378935,309.498107904,8,glasses&&73.9147948975,300.325012224,94.67407223,306.0669555712,8,glasses&&108.95532226499999,340.6657714688,115.875061045,354.9470214656,8,glasses&&142.9652099925,304.8891601408,159.45489498999999,310.6310424576,8,glasses&&178.300170865,297.8221435392,193.75927736999998,303.1223754752,8,glasses&&348.830078115,304.6010131968,364.17614746,309.6681518592,8,glasses&&489.474731415,324.7648925696,506.23132323500005,329.3949584896,8,glasses&&521.6383056425,461.2705078272,531.9866943325,468.4882812416,2,sneakers&&423.50720214999996,303.053527808,438.95349124,307.5379638784,8,glasses&&519.973510705,317.1778564608,535.663085935,321.2044067328,8,glasses&&455.3962402225,309.8631591936,469.84594727999996,313.8493042176,8,glasses&&315.387084985,314.5904541184,330.44360348000004,318.354614272,8,glasses&&404.57324217250004,315.344116224,412.04711912749997,322.4859009024,8,glasses
37	img	233.58721925,47.71118165200001,406.43475340000003,356.265441899,1,person&&193.9906616,24.466217033,294.32458495000003,326.054382311,1,person&&289.77459715,44.378051748,362.62768555,308.649047846,1,person&&262.74102784999997,210.083496099,300.465271,250.977844223,114,baseball glove&&215.8234253,150.485473631,265.2770996,180.918457036,114,baseball glove&&222.06396485,282.432678236,258.9725342,318.282897945,2,sneakers&&290.12676999999996,43.431823738,331.9146118,74.936798079,18,helmet&&287.35748290000004,64.810699462,328.8967285,91.395843521,5,hat&&380.94262695,311.13934328,405.94519045,352.94250486600004,2,sneakers&&233.9699707,336.009582516,286.09167479999996,354.000854494,2,sneakers&&241.2304077,23.954498300999997,270.69555665,52.51507569,5,hat&&339.45758055000005,167.60400389100002,360.38031005,198.037048346,114,baseball glove&&303.1569214,290.237731925,340.0654907,302.011413569,2,sneakers&&289.0020752,289.57629395099997,306.46417235,308.096679693,2,sneakers&&251.43206785,307.964416496,262.01513669999997,325.691040054,2,sneakers&&230.5170288,144.49932862,249.5376587,153.73797605800002,37,belt
38	img	0.0,450.78000000000003,433.152,486.296,/m/0ph39,canoe&&0.0,523.861,336.896,568.939,/m/0ph39,canoe&&372.736,414.581,760.832,450.09700000000004,/m/0ph39,canoe&&1.024,409.11699999999996,246.784,461.02500000000003,/m/014y4n,paddle&&0.0,387.94399999999996,415.744,413.215,/m/0ph39,canoe&&41.984,381.11400000000003,154.624,471.27,/m/01g317,person&&745.472,423.46,1009.664,458.293,/m/0ph39,canoe&&622.592,357.209,823.296,401.604,/m/014y4n,paddle&&0.0,346.964,317.44,370.869,/m/0ph39,canoe&&623.616,334.67,958.464,357.209,/m/0ph39,canoe&&259.072,380.43100000000004,723.968,394.77399999999994,/m/0ph39,canoe&&366.592,293.007,475.136,350.379,/m/014y4n,paddle&&647.168,351.745,726.016,428.924,/m/01g317,person&&461.824,318.278,729.088,340.817,/m/0ph39,canoe&&150.528,328.52299999999997,222.208,398.18899999999996,/m/01g317,person&&299.008,340.817,587.776,357.892,/m/0ph39,canoe&&200.704,316.22900000000004,257.024,398.87199999999996,/m/014y4n,paddle&&609.28,356.526,667.648,425.509,/m/01g317,person&&583.68,293.69,760.832,314.863,/m/0ph39,canoe&&115.712,316.22900000000004,169.984,381.11400000000003,/m/01g317,person&&460.8,331.255,519.168,383.84600000000006,/m/01g317,person&&756.736,297.788,819.2,344.232,/m/01g317,person&&327.68,274.56600000000003,369.664,337.402,/m/014y4n,paddle&&472.064,313.497,671.744,326.474,/m/0ph39,canoe&&521.216,306.66700000000003,708.608,319.644,/m/0ph39,canoe&&52.224,277.981,157.696,299.154,/m/0ph39,canoe&&584.704,273.2,647.168,304.618,/m/014y4n,paddle&&104.448,303.935,144.384,351.745,/m/01g317,person&&392.192,310.082,436.224,349.01300000000003,/m/01g317,person&&70.656,294.373,104.448,342.866,/m/01g317,person&&307.2,294.373,351.232,331.255,/m/01g317,person&&766.976,314.18,859.136,326.474,/m/014y4n,paddle&&534.528,254.759,561.152,296.422,/m/014y4n,paddle&&659.456,275.932,689.152,307.35,/m/01g317,person&&599.04,295.056,621.568,336.036,/m/014y4n,paddle&&129.024,317.595,172.032,338.768,/m/014y4n,paddle&&668.672,285.49399999999997,731.136,299.154,/m/0ph39,canoe&&0.0,276.615,34.816,295.056,/m/0ph39,canoe&&688.128,275.249,701.44,304.618,/m/014y4n,paddle&&119.808,293.007,123.904,344.232,/m/014y4n,paddle
39	img	202.752,159.744,452.352,831.488,/m/01g317,person&&434.688,160.768,655.104,585.728,/m/01g317,person
40	img	63.7359619072,257.91833493219997,791.3338622976,485.2601318065,1,person&&24.2318114816,396.0416260074,201.6429443072,511.4101562215,146,skateboard&&595.1613769728,467.3358154327,721.3000487936,533.1844482485001,5,hat&&227.2911377408,430.18371584289997,311.706909184,484.7106933444,2,sneakers&&64.5181884416,358.6928711155,115.006103552,449.571044922,2,sneakers&&441.10729984,395.4550781063,469.1448974336,480.6673584105,37,belt&&712.7482909696,367.2800293135,738.8311768064,444.2459716981,8,glasses&&696.568359424,417.3260498078,736.5501709312,459.4958496044,62,cell phone&&658.486450176,410.120483407,680.742797824,439.92126466919996,43,watch
41	img	0.0,0.0,1022.976,751.104,/m/01prls,land vehicle
42	img	169.7210693107,145.101196288,486.6417236037,961.4147949568,1,person&&110.3921508926,645.8400878592,197.71362303060002,700.5615234048,10,desk&&188.9815063469,660.9758301184,331.6065063598,691.2471923712,10,desk&&632.1530761526,869.8421630976,678.6336669897,942.8833007616,7,lamp&&55.0302123796,314.0057372672,101.9746703846,357.2440185856,7,lamp&&141.50677492810001,271.3851318272,181.0390014554,304.1226806272,7,lamp&&660.0312499798,321.8143310848,682.8343505757,345.939331072,7,lamp
43	img	226.623413049,194.3262328773,434.9340820242,485.2668457067999,1,person&&57.8917236546,184.6051025217,212.0416259841,451.9371338226,1,person&&464.09753421240003,91.5596313699,616.8587646804,296.398498566,1,person&&372.3875732313,285.9761963094,523.8868408224,481.5749511666,86,hockey stick&&483.2808838176,168.7821045,696.6663818334,272.53454591909997,86,hockey stick&&0.13446046020000002,428.7307128942,70.17065434499999,640.9525146519,1,person&&0.1613159493,429.04211424090005,71.1781005507,508.5609131058,18,helmet&&129.3516845412,290.6514282225,280.9318847313,327.5223388809,86,hockey stick&&226.2147216846,405.5366210622,290.7299804739,485.0554199271,2,sneakers&&334.2402343764,193.48651125389998,396.75500490120004,259.502075196,18,helmet&&336.2407226409,408.53723141280005,394.75451663670003,469.5517577874,2,sneakers&&137.19372561510002,182.98400878500001,189.2059326234,240.9976806705,18,helmet&&57.674926732500005,365.02697751569997,99.68481446220001,421.5404052435,2,sneakers&&384.7521972558,334.01965330440004,436.2644043186,375.52954100219995,20,gloves&&67.1771240217,407.53698732960004,111.1875000159,452.04760741319996,2,sneakers&&223.8962402127,6.7108764321,259.7749023507,56.568359367,86,hockey stick&&166.200561516,289.0090332144,212.2114257747,324.5174560725,20,gloves&&96.6840820143,294.0102539028,130.19201663820002,339.5209961025,20,gloves&&462.7706298633,136.9731445437,495.2783203038,178.4829712239,20,gloves&&551.2915039434,91.462402344,589.3005370857001,125.47039792349999,18,helmet&&564.7946777615999,203.98895263710003,590.3007812691001,239.4973754952,20,gloves&&550.2247314102,265.3090209663,576.5532226739999,298.8778076388,2,sneakers&&575.2368164532,269.2583007504,615.3876952839,288.3463745193,2,sneakers&&357.6260986716,20.6896362213,387.913330068,45.3853759563,86,hockey stick&&498.39172361880003,486.713500953,515.1907958703,496.0024414005,157,other balls
44	img	57.077026384,55.9249267712,772.0,459.0662841856,127,sports car&&372.0841064092,20.9368286208,686.1339111436,104.6677856256,127,sports car&&636.7086181892,52.7247924736,772.0,180.0899047936,127,sports car&&0.179870596,8.8048095744,58.8679199356,184.5197753856,1,person&&0.5939331048000001,279.2719726592,32.637268088,512.0,1,person&&184.32073974280001,0.0117797888,233.22760011160003,121.311889664,1,person&&236.601623564,0.1124877824,270.3869628828,108.1231078912,1,person&&362.2410888848,136.9013671936,395.0301513956,163.7287597568,3,chair&&529.167236336,114.5451660288,565.6822510056,136.1561279488,3,chair&&8.870483422,173.6498413056,37.0879516904,183.5969848832,23,leather shoes&&29.779846191599997,169.3867798016,54.95227047,176.6948852736,23,leather shoes
45	img	103.182312,35.4871215848,500.0,355.852966304,1,person&&229.68218995,42.866363526,398.9906616,134.61840821159998,5,hat&&69.72399899999999,92.44299315960001,183.32495115,171.0898437372,92,tripod&&129.04437255000002,47.0431213508,178.6053467,87.10736085239999,64,camera
46	img	266.082293312,208.34779992,458.133058816,436.771852704,296,bear
47	img	184.0751342625,405.39123535,211.06311033749998,461.90448,1,person&&338.74102785,402.60424805,365.66326905,457.44592285000004,1,person&&309.0784301625,420.01397705,342.151367175,457.8116455,131,stroller&&256.2537231375,403.93829345,277.986877425,459.37005615,1,person&&235.0089111375,408.82214355,256.742126475,461.8120117,1,person&&207.14178465,405.16058350000003,224.21105958750002,455.90716555,1,person&&359.3482055625,394.95965575,374.63739015,451.4631958,1,person&&225.13372803750002,410.00457765,243.1257324375,446.91119385,1,person&&281.89398195,396.6124878,295.812988275,429.33435060000005,1,person&&7.964111325,408.0053711,22.783111575,437.84918215,1,person&&239.8927612125,381.22833249999996,250.1488647375,417.61309815,1,person&&276.7659301875,397.83343505,287.26623536249997,424.4505005,1,person&&90.92410278749999,410.19494629999997,102.118988025,435.1290283,39,backpack&&87.696319575,422.89367675,94.7891540625,437.67041015,14,handbag/satchel&&250.0850830125,416.05187989999996,258.3224487375,427.95788575,39,backpack&&213.99353028750002,447.93548584999996,222.033569325,455.2446289,4,other shoes&&272.558044425,450.7675171,279.6712036125,458.67108155000005,4,other shoes&&186.9409789875,455.22717285,194.17724610000002,460.3140259,4,other shoes&&285.2276001,396.7237549,292.576171875,401.6610718,5,hat&&358.34326169999997,450.7962036,364.690246575,456.43792725,4,other shoes&&203.06134035,454.29577635000004,210.369201675,459.09606935000005,4,other shoes&&252.234680175,453.3644409,256.9767456,460.59051515,4,other shoes&&286.87384035,416.34735105,292.79229734999996,421.3914795,5,hat&&102.7312317,446.741333,108.1833190875,451.54656980000004,4,other shoes&&91.8270874125,450.8996582,98.2032470625,454.9656372,4,other shoes&&256.6380615375,454.04187010000004,263.63830567499997,457.54199220000004,4,other shoes&&342.652221675,453.72235105,350.326843275,456.3453369,4,other shoes&&242.5245971625,457.20324704999996,249.5248413,460.02593995,4,other shoes&&99.68176271249999,447.66540525,103.28567505,453.02508544999995,4,other shoes&&110.12387085,448.774292,115.2063293625,452.1934204,4,other shoes
48	img	194.56,74.84400000000001,764.928,923.076,/m/09csl,eagle
49	img	10.9447021316,120.3130492928,436.10974120640003,511.3408203263999,1,person&&87.5101928612,254.4857787904,316.7412109644,510.8900756992,60,guitar&&124.7854004084,111.5271606272,258.1557617372,309.4628906496,1,person&&700.4677734088,91.2684936704,772.0,388.928100608,102,blackboard/whiteboard&&61.600402818800006,172.2741088768,136.05871584279998,318.0087280128,1,person&&378.0421142216,275.9547729408,455.26245117200006,387.5486450176,3,chair&&394.7695312208,130.7755737088,467.6745605588,225.950561536,80,mirror&&290.7681884864,296.9135131648,348.29943844039997,408.6164550656,48,stool&&669.2618407988,359.0910034432,771.934082008,418.5130004992,1,person&&345.3079833708,234.279968256,377.3585204964,357.6048584192,60,guitar&&469.160034158,366.56079104,522.9094237904001,436.1790160896,3,chair&&471.85693363120004,142.691162112,511.94067385880004,212.9503173632,13,cabinet/shelf&&581.7055664084,150.7349243392,644.3536376892,195.1426391552,17,picture/frame&&694.9158935664001,163.4497680896,718.5842285463999,253.3159179776,1,person&&150.6414794772,113.2915039232,210.2020263872,146.4368286208,5,hat&&401.9510497952,479.1582641664,454.91772460799996,512.0,48,stool&&292.21496581720004,219.895446784,338.087768528,257.61694336,32,microphone&&525.6772461316,148.7712402432,552.474853544,205.068664576,13,cabinet/shelf&&294.901733408,172.91760256,323.9132079996,203.7886962688,95,clock&&752.9355468499999,465.692321792,771.385498036,511.8170776576,16,plate&&598.0230713252,171.2160034304,620.2122802444,204.1299438592,1,person&&406.9471435232,166.4711913984,422.8426513924,206.5710449152,102,blackboard/whiteboard&&389.409790058,499.9473266688,433.6065674132,512.0,2,sneakers&&437.7923583612,372.3618164224,462.35058592440004,390.7027588096,2,sneakers&&421.64709475039996,262.3201904128,433.4913329804,299.5946044928,9,bottle&&658.6929931976,156.0140990976,678.8829345712,177.5020141568,17,picture/frame&&485.6152343844,205.4533691392,507.35754392919995,221.90448,5,hat&&692.318725608,475.5942993408,760.2984618784,480.7577514496,55,pen/pencil&&761.2138672088,419.5579833856,772.0,450.679199232,16,plate&&656.9624023416,179.520996096,675.3399657896,192.0864868352,17,picture/frame&&468.05468749159996,252.1688842752,478.41699220559997,272.0645141504,9,bottle&&596.7348632576,217.2632446464,618.9852294764,221.7887572992,8,glasses&&498.1323241912,213.1040649216,507.2427978636,216.9548950016,8,glasses
50	img	179.24084474999998,231.6003417927,386.40631105,333.0,1,person&&288.7913208,112.2457580505,380.0123291,333.0,1,person&&230.39282225,100.736572257,304.13690184999996,322.3950805683,1,person&&179.24084474999998,87.0960388113,252.5586548,234.15795898199997,1,person&&209.50579835,133.1328124881,261.0839844,332.6254882866,1,person&&124.67877195,231.6003417927,197.14404295,332.1992187495,1,person&&252.13238524999997,257.6026001061,342.50091555,332.6254882866,1,person&&208.83758545,133.2305908119,235.9973755,161.1792297297,5,hat&&356.55682375,315.8500976694,379.53302,332.5402832103,4,other shoes&&184.09332275,187.82647704180002,221.8690796,195.4910888577,37,belt&&295.6000366,130.171752945,314.4421997,135.73468018260002,8,glasses
51	img	198.78674315359999,111.727478016,308.4577026608,392.7291870208,12,street lights&&542.4014892288,163.5598754816,581.6911621264,512.0,12,street lights&&442.41943358239996,230.4320068608,504.065063448,403.53338624,12,street lights&&207.50366208,415.5958862336,281.6220092704,486.195983872,45,trash bin can&&29.866882345599997,388.3472289792,66.0520019584,482.9364623872,1,person&&391.7449950976,395.1359252992,453.4812011952,433.2066039808,6,car&&338.3582763664,398.4147338752,393.65087893760005,435.9964599808,6,car&&363.27770998240004,370.7844238336,399.9765624976,408.1691283968,66,truck&&643.9921874656,395.86395264,658.6265868928,445.3843383808,1,person&&296.5496825952,392.1002197504,312.573547352,435.9433593856,1,person&&71.4228515296,402.1437988352,88.9017334304,433.109374976,1,person&&336.7701416112,395.1676025344,356.3924560704,412.0883178496,6,car&&314.319641128,387.4822998016,324.4693603712,412.9006347776,1,person&&137.793029752,427.7409668096,149.7182006944,446.9537353728,14,handbag/satchel&&43.693359382400004,387.7397460992,57.5013427728,400.3203735552,5,hat&&299.4080810384,401.2097167872,305.9534302016,413.903747584,39,backpack&&45.0418091104,477.429138176,51.8325195072,482.8948364288,2,sneakers&&137.73193356320002,399.36511232,143.1556396288,405.9361572352,14,handbag/satchel&&296.3804321184,428.9678344704,301.104858424,436.2119751168,2,sneakers&&303.5195922928,431.4875488256,309.1889648576,436.4219360256,2,sneakers&&450.1434326288,394.9085083136,456.28930663200003,398.9166870016,5,hat
52	img	303.7460327,68.2310180826,476.0062256,333.0,1,person&&34.0366211,56.9557800405,142.29644775,332.8399658277,1,person&&240.3937378,69.0952453569,334.96435544999997,332.96759034210004,1,person&&145.3200073,82.2935180727,238.98858645,333.0,1,person&&437.03851319999995,0.043579110600000005,499.96673585,298.9090576008,1,person&&353.41394045000004,68.33255004899999,427.20196534999997,321.64263916289997,1,person&&311.04016115,63.6959228508,371.2494507,284.983337394,1,person&&101.67523195,69.0299987688,147.30932615,249.87438965249999,1,person&&237.5993042,35.699981682600004,290.58703614999996,149.4589233348,1,person&&371.3746338,21.1838683932,419.54663085,109.9217529153,1,person&&152.20648195,55.9020080673,191.328125,153.7061767632,1,person&&212.579834,53.588775648600006,245.83898925,129.550964355,1,person&&318.2248535,270.7178344767,344.453125,319.8362426676,2,sneakers&&364.06781005,286.2958374135,399.2940674,321.7437744264,2,sneakers&&437.69836425000005,274.5059814378,480.14764405,298.0046996973,2,sneakers&&96.80541989999999,311.0981445459,141.65374755,332.9987792886,2,sneakers&&188.35406495,50.0986022823,216.07000730000001,84.58956909,1,person&&431.73120115,244.9926757863,466.6657715,266.7270507885,2,sneakers&&386.35076905,45.3046264569,400.08831785,82.3261718862,33,necklace&&363.5062866,320.78997801090003,396.4328003,332.9983520496,2,sneakers&&177.26770019999998,52.3569641265,190.61242675,79.8675842349,1,person&&73.53466795,97.63543699649999,104.5098877,107.39004515730001,8,glasses&&326.74401855,188.2977905232,342.17169190000004,200.9859619176,15,bracelet&&4.83499145,81.3531188799,12.77337645,101.06222534460001,9,bottle&&482.06536865,135.4028625324,496.45251465,145.6793823258,43,watch&&125.2546997,213.8325805728,137.07043455000002,225.92968749000002,52,sandals&&327.4468994,195.74578856969998,334.5119629,210.6607665951,15,bracelet&&238.79681395,176.9759216253,245.49969480000001,190.7645873904,4,other shoes&&360.7819824,278.7986450106,371.3936157,285.724182141,4,other shoes&&201.56207275,213.1906738221,205.71508790000001,227.2316894514,15,bracelet
53	img	195.584,17.199,474.112,775.593,/m/0bt_c3,book&&455.68,49.958999999999996,696.32,710.073,/m/01n5jq,poster&&221.184,53.235,468.992,688.779,/m/01n5jq,poster&&828.416,40.95,1022.976,711.711,/m/01n5jq,poster
54	img	47.31,54.272,820.87,1003.52,/m/0d5gx,castle
55	img	118.784,183.727,586.752,682.317,/m/04yx4,man ( smile, stand )&&112.64,170.067,510.976,682.317,/m/04yx4,man ( stand )&&387.072,229.48800000000003,496.64,356.526,/m/0dzct,human face&&846.848,409.11699999999996,896.0,476.734,/m/0dzct,human face&&151.552,547.0830000000001,197.632,603.772,/m/0463sg,fashion accessory&&977.92,370.18600000000004,1022.976,424.826,/m/0dzct,human face&&223.232,266.37,251.904,344.915,/m/0dzct,human face&&654.336,577.135,693.248,618.115,/m/0c9ph5,flower&&976.896,373.60100000000006,1022.976,390.676,/m/0463sg,fashion accessory&&498.688,619.481,524.288,649.533,/m/0463sg,fashion accessory
56	img	0.0,0.0,1022.976,728.064,/m/01yrx,cat
57	img	151.06066895,146.96728515,234.65490724999998,210.452392575,47,bicycle&&285.1378174,179.542602525,356.260376,241.6850586,93,dog&&168.91302489999998,112.368560775,223.8552246,189.241516125,1,person&&177.78009035,180.75439455,194.61108399999998,189.089721675,2,sneakers&&197.45648195,113.22738648749998,209.5386963,123.95843505,18,helmet&&180.02319334999999,186.8134155375,189.4130249,199.2508545,2,sneakers
58	img	0.3859863552,125.9821166724,1021.9749755904,682.9869384756,59,motorcycle&&268.5942382592,98.371093734,668.5447998464,684.0,1,person&&407.1057128448,4.8413696472000005,1022.2291259392,235.88238526560002,200,heavy truck&&426.03088384,239.64624020519997,603.4749755392,684.0,1,person&&433.4372558848,240.5078735688,531.9711913984,323.213073714,18,helmet&&342.955078144,151.3408202928,432.0,176.1914062368,8,glasses&&527.7691650048,672.1219482732,583.6394043392,684.0,4,other shoes
59	img	598.016,133.25,720.896,276.9,/m/0199g,bicycle&&582.656,88.4,659.456,235.95,/m/01g317,person&&652.288,152.75,711.68,225.54999999999998,/m/083wq,wheel&&646.144,158.6,712.704,221.65,/m/01bqk0,bicycle wheel&&606.208,222.95000000000002,656.384,262.6,/m/083wq,wheel&&607.232,221.65,653.312,263.90000000000003,/m/01bqk0,bicycle wheel
60	img	33.38220215,226.35253905000002,68.89978025,295.6635132,1,person&&110.96917725,254.97351075,133.0383301,284.6289062625,1,person&&48.0126343,288.3057250875,53.27685545,292.78027342499996,2,sneakers&&56.961791999999996,290.674621575,62.752380349999996,294.62274168749997,2,sneakers
61	img	723.7807617395999,402.04302976,756.243164071,432.834655744,1,person&&724.278442406,412.4989623808,758.0,435.2655029248,69,lifesaver&&101.8076171748,370.935119616,136.0589599946,390.5602417152,1,person&&91.3221435202,373.2274169856,125.48626707,392.2554931712,69,lifesaver&&63.853515607,376.4893798912,90.3287964208,399.0767822336,1,person&&397.2657470328,407.7767333888,415.33044434379997,425.1553344512,1,person&&330.5345458996,334.5382690304,342.88244632339996,347.5722045952,1,person&&441.042236328,346.380126976,448.80224609220005,357.7614746112,1,person&&299.3713379068,258.4296875008,304.592773456,264.2777099776,1,person&&250.53814700419997,265.3933105664,255.0895996184,270.8549804544,1,person
62	img	206.848,108.096,276.48,152.01000000000002,/m/05s2s,plant
63	img	31.138916100000003,759.9331054,1129.8886719,1996.4680175999997,1,person&&712.8935547,840.697998,1797.9980469000002,1996.4086914000004,1,person&&2309.8959959999997,774.0649414000001,2995.2895509,1996.4680175999997,1,person&&1748.1459960000002,1171.8659668,2342.8979493,1619.6791991999999,3,chair&&2356.8920897999997,1710.6413573999998,2570.3032227,2000.0,3,chair&&471.9709473,949.0952148,726.9133302,1112.0480958,8,glasses&&0.9428711999999999,1413.2653808,114.3264159,1773.6152344,3,chair&&1653.517578,1788.3598632,1946.5385742,1913.9401856,14,handbag/satchel&&1163.3613282,636.4311524000001,1386.8847657,762.7702636,5,hat&&919.1550294,451.78515619999996,1022.2648926,615.8237304,1,person&&1584.0786132,459.8000488,1677.1865234999998,620.8217774,1,person&&688.1938476,32.725708,767.3913573000001,206.0422364,1,person&&613.8686523,1303.2485352,670.8449706,1537.1511229999999,3,chair&&1522.7617188,842.6716308,1712.9575194,899.3256835999999,8,glasses&&1040.0024415,1011.3300782000001,1151.2983399,1080.4926758,8,glasses&&2134.3315431,1498.0898438000002,2238.5615235,1542.2668458,62,cell phone&&0.3427734,888.4431152,104.4357909,924.6193848,8,glasses&&2.0449218,1764.1704101999999,46.5673827,1832.1906738,43,watch&&1929.4770507,1471.6369628,1988.9829101999999,1520.265625,15,bracelet&&1857.5854491,1665.5024414,1884.2553711,1704.6735840000001,15,bracelet
64	img	740.352,0.0,1022.976,343.549,/m/07j7r,tree&&330.752,240.416,668.672,391.359,/m/0cgh4,building&&415.744,405.702,664.576,478.78299999999996,/m/01prls,land vehicle&&292.864,402.287,387.072,485.613,/m/0cgh4,building&&356.352,353.794,419.84,460.34200000000004,/m/07j7r,tree&&243.712,345.598,301.056,417.313,/m/0cgh4,building&&295.936,367.454,357.376,409.11699999999996,/m/07j7r,tree
65	img	402.432,584.8000000000001,493.568,680.561,/m/01226z,football
66	img	3.072,81.696,694.272,551.448,/m/01g317,person&&502.784,0.0,910.336,551.448,/m/01g317,person&&24.576,310.22400000000005,627.712,551.448,/m/09j2d,clothing&&602.112,134.136,915.456,551.448,/m/09j2d,clothing&&351.232,109.848,518.144,216.936,/m/01g317,person&&603.136,121.992,726.016,261.64799999999997,/m/0dzct,human face&&136.192,218.04000000000002,253.952,358.8,/m/0dzct,human face&&377.856,107.64,482.304,225.21599999999998,/m/09j2d,clothing&&406.528,48.023999999999994,499.712,166.152,/m/01g317,person&&432.128,64.584,474.112,134.136,/m/09j2d,clothing&&476.16,151.24800000000002,496.64,170.568,/m/0dzct,human face&&457.728,128.616,474.112,146.28,/m/0dzct,human face
67	img	573.44,426.24,869.376,725.76,/m/083wq,wheel&&579.584,424.70400000000006,864.256,719.616,/m/0h9mv,tire&&739.328,13.056000000000001,915.456,288.0,/m/04yx4,man ( stand )&&897.024,28.415999999999997,1022.976,355.584,/m/04yx4,man ( sit )&&897.024,324.864,1022.976,532.2239999999999,/m/0h9mv,tire&&902.144,323.328,1022.976,532.2239999999999,/m/083wq,wheel&&49.152,266.496,152.576,448.51199999999994,/m/0h9mv,tire&&49.152,271.104,151.552,450.048,/m/083wq,wheel&&955.392,447.74399999999997,1022.976,706.5600000000001,/m/04yx4,man ( stand )&&38.912,83.712,195.584,184.32,/m/0k4j,car&&905.216,0.0,1022.976,131.328,/m/04yx4,man ( stand )&&943.104,646.656,1024.0,731.136,/m/09j5n,footwear&&0.0,91.392,54.272,132.096,/m/0k4j,car&&325.632,76.03200000000001,375.808,99.84,/m/0k4j,car&&87.04,142.848,111.616,187.392,/m/0h9mv,tire&&84.992,147.45600000000002,111.616,188.16,/m/083wq,wheel&&337.92,62.976,364.544,103.68,/m/04yx4,man&&46.08,148.224,65.536,179.71200000000002,/m/0h9mv,tire&&47.104,145.92000000000002,66.56,177.40800000000002,/m/083wq,wheel&&374.784,75.26400000000001,387.072,96.768,/m/04yx4,man&&174.08,160.512,190.464,175.872,/m/083wq,wheel&&173.056,166.656,190.464,179.71200000000002,/m/0h9mv,tire&&26.624,116.73599999999999,38.912,135.168,/m/083wq,wheel&&264.192,165.888,275.456,174.336,/m/0h9mv,tire&&219.136,102.912,229.376,110.59199999999998,/m/0h9mv,tire&&26.624,128.256,34.816,135.168,/m/0h9mv,tire
68	img	18.080261248,204.72015379200002,138.088806144,477.752624496,1,person&&194.162658688,213.104980464,280.107604992,470.415832512,1,person&&120.27093504,212.056884768,202.02349856,478.80072019199997,1,person&&264.385986304,203.671997088,325.700378432,450.50177001599997,1,person&&315.219299328,215.201232912,379.678039552,438.44854737599996,1,person&&0.786499008,195.81121824000002,53.716003392,449.45367432,1,person&&362.94567872000005,210.709350576,419.99279782400004,424.074462912,1,person&&185.253723136,199.479614256,232.942688,414.866088864,1,person&&403.854003904,213.340270992,452.751586944,410.08538817600004,1,person&&439.275878912,205.63989259200002,485.86328127999997,398.919799824,1,person&&71.53387449600001,200.003662128,122.36718752,376.085998512,1,person&&479.703002944,202.174743648,523.595214848,388.524291984,1,person&&37.598937983999996,119.734069824,68.288940416,315.11712648,148,gun&&124.46337888000001,192.142822272,185.253723136,269.178832992,1,person&&258.62139891199996,203.147949216,280.107604992,405.43310548799997,1,person&&206.24218752000002,144.043029792,225.689331072,311.774658192,148,gun&&312.75946048000003,198.955505376,363.956359872,257.807556144,1,person&&272.180175808,142.219848624,288.588745088,294.758422848,148,gun&&190.74523923200002,142.523681664,209.58465574400003,274.703552256,148,gun&&328.831420928,164.409667968,345.353881856,313.846313472,148,gun&&369.23437497599997,202.623901344,403.372802752,249.339660624,1,person&&403.08398438399996,199.094543472,432.34545900800003,247.607055648,1,person&&322.92510988799995,162.57855225600002,335.68731686399997,258.294982896,148,gun&&56.742248512,142.523681664,73.150756864,216.96978758400002,148,gun&&0.527771008,175.34075928,10.859069824,293.239135728,148,gun&&21.892639168,399.98181153599995,50.790466304,433.374938976,23,leather shoes&&60.467285184000005,311.340271008,102.209899904,328.61309812800005,37,belt&&462.37707520000004,194.474304192,484.323242176,226.430969232,1,person&&438.761352512,200.25018312,453.379028352,238.621765152,1,person&&392.00439456,161.555969232,425.34765625600005,174.784545888,50,van&&224.168823232,306.538696272,253.88720704000002,320.523803712,37,belt&&150.4298096,314.93878176,177.77844236800001,330.052490256,37,belt&&131.06237792,307.508666976,152.2541504,326.13171388800004,20,gloves&&46.937438976,304.297790544,69.413574208,321.63647462399996,20,gloves&&7.764770496,430.80621335999996,24.46130368,451.35583497600004,23,leather shoes&&69.595947264,151.50177,98.32482912,162.80541993600002,50,van&&208.76550291200002,303.655578624,227.38861081599998,320.99432371200004,20,gloves&&183.118164032,151.867858896,203.36657715200002,167.686889664,50,van&&126.567138688,355.029602064,140.695007296,376.863525408,20,gloves&&187.57373049600002,351.818725584,201.05944825600002,371.083984368,20,gloves&&267.845642112,347.32348632000003,280.68914796800004,360.166992192,20,gloves&&288.892578112,184.456604016,295.881408704,206.030822736,148,gun&&409.124145536,326.773864752,420.041137664,338.333068848,20,gloves&&371.235778816,331.911315936,377.015380864,344.11260984,20,gloves
69	img	20.48,250.88,509.952,942.08,/m/0138tl,toy&&534.528,252.928,1014.784,953.344,/m/0138tl,toy
70	img	131.072,273.408,669.696,614.4000000000001,/m/09j2d,clothing
71	img	0.0,127.038,204.8,359.25800000000004,/m/07j7r,tree
72	img	337.17425535,24.1481628315,415.54638669999997,332.9411620968,1,person&&149.5383911,61.4812927311,227.1713257,319.6951293888,1,person&&208.76330565,67.7206115667,285.52856445000003,327.0870971549999,1,person&&139.01983644999999,135.4192199586,177.3772583,204.01129149300002,14,handbag/satchel&&180.15393064999998,299.3510742084,208.00329589999998,319.57501219290003,58,high heels&&165.56610105,297.6933593826,189.1055298,319.9065551847,58,high heels&&221.0595093,104.7705078168,233.0241089,139.87536621840002,32,microphone&&234.19500730000001,315.2650146381,270.0014038,326.868957513,4,other shoes&&340.9274292,323.8791503796,375.59704589999996,333.0,4,other shoes&&217.61798095,315.9281005884,247.45666505,323.8850707866,4,other shoes&&218.7543335,144.8117370729,228.63598635,156.3918151698,15,bracelet&&237.2824707,129.5260314795,245.46569825,138.6356811444,15,bracelet&&170.87335205000002,141.0310363914,173.40216064999998,144.9296569683,34,ring
73	img	306.176,474.00199999999995,431.104,574.403,/m/05s2s,plant
74	img	0.0,0.0,387.072,553.535,/m/09j2d,clothing&&244.736,148.255,531.456,682.4200000000001,/m/09j2d,clothing
75	img	390.144,192.0,608.256,423.93600000000004,/m/01g317,person&&0.0,390.144,173.056,609.792,/m/0138tl,toy&&119.808,481.536,398.336,615.936,/m/0k4j,car&&119.808,494.592,409.6,620.5440000000001,/m/0138tl,toy&&623.616,155.13600000000002,796.672,301.05600000000004,/m/0138tl,toy&&563.2,503.808,713.728,649.728,/m/0138tl,toy&&558.08,510.72,713.728,645.12,/m/0k4j,car&&0.0,224.25599999999997,79.872,337.92,/m/0138tl,toy&&590.848,430.08000000000004,667.648,502.27200000000005,/m/0138tl,toy&&136.192,562.944,179.2,609.792,/m/083wq,wheel&&247.808,562.944,283.648,606.72,/m/083wq,wheel&&574.464,630.528,603.136,646.656,/m/083wq,wheel&&683.008,627.4559999999999,704.512,646.656,/m/083wq,wheel
76	img	46.08,51.0,1022.976,386.23999999999995,/m/03bt1vf,woman ( smile )
77	img	707.584,208.89600000000002,1019.904,487.68,/m/07j7r,tree
78	img	16.384,2.049,1024.0,683.0,/m/07j7r,tree
79	img	147.456,105.98400000000001,967.68,766.4639999999999,/m/03bt1vf,woman ( smile, stand )&&121.856,112.12799999999999,526.336,754.944,/m/04yx4,man ( smile, stand )&&608.256,150.52800000000002,1015.808,766.4639999999999,/m/03bt1vf,woman ( smile, stand )&&782.336,0.0,1021.952,735.7439999999999,/m/04yx4,man ( stand )&&99.328,369.408,488.448,766.4639999999999,/m/09j2d,clothing&&787.456,128.256,1021.952,766.4639999999999,/m/09j2d,clothing&&420.864,310.27200000000005,657.408,686.592,/m/09j2d,clothing&&468.992,744.192,677.888,766.4639999999999,/m/09j2d,clothing
80	img	0.051147455999999994,232.66455077799998,187.62353516800002,340.0306396364,176,radiator&&501.50561523199997,271.90026855639996,639.135742208,384.4095458888,135,oven&&535.362304704,30.659576400400002,639.809692352,153.50225829360002,202,extractor&&449.976318336,245.1849975464,514.222900416,361.9732055636,13,cabinet/shelf&&518.341918976,235.0207519392,639.402954112,267.62438964,150,gas stove&&622.427612288,326.8587035944,639.85473632,427.78039551119997,13,cabinet/shelf&&414.370971648,184.036682144,429.813842752,192.75732424,81,power outlet
81	img	28.6569214,119.3430786,460.04382325,332.4817504875,6,car&&25.73724365,87.95620728749999,287.05108645,189.416076675,50,van&&408.42785645000004,102.63012693750001,463.3060913,257.088073725,1,person&&455.79492189999996,100.98257445,483.8119507,188.7146606625,1,person&&440.8534546,149.6690063625,460.6295166,220.1072387625,3,chair&&387.32214355,101.1656799375,413.7789917,145.631042475,1,person&&423.56140135,93.16189575,446.23870850000003,137.4049682625,1,person&&334.3321533,146.7549438375,362.1074829,181.0767211875,25,bench&&474.8709717,120.8029174875,499.5675049,156.471557625,131,stroller&&28.789184549999998,185.848938,46.7746582,232.86041261249997,48,stool&&348.0418701,94.0512085125,374.42718505,125.62161255000001,1,person&&448.4628296,219.5246581875,472.48162840000003,246.21221924999998,49,barrel/bucket&&293.9177246,97.4489746125,320.90246579999996,118.87380982500001,1,person&&368.86901854999996,100.94335938750001,381.76397705,128.51187135,1,person&&447.1921997,162.43792725,462.97406005000005,183.2780761875,20,gloves&&423.00488279999996,232.09973145,438.1257324,252.592468275,30,boots&&421.0914917,169.7218627875,432.73645020000004,190.4239501875,20,gloves&&432.9528198,226.52893065,447.47680665,243.04248045,30,boots&&28.999023450000003,203.7565918125,34.5852051,218.07110595,4,other shoes&&460.7684326,183.39294435000002,472.7546997,188.94757080000002,4,other shoes&&284.22595215,110.9890747125,292.0285034,118.27145385,5,hat
82	img	236.544,66.934,437.248,359.25800000000004,/m/0fbdv,shellfish&&392.192,376.333,586.752,653.631,/m/0fbdv,shellfish
83	img	425.984,54.52799999999999,1024.0,768.0,/m/04yx4,man ( sit )&&486.4,71.424,1022.976,763.392,/m/02p0tk3,human body&&564.224,69.888,1004.544,628.2239999999999,/m/03q69,human hair&&538.624,104.44800000000001,900.096,541.4399999999999,/m/04hgtk,human head&&482.304,474.624,1022.976,766.4639999999999,/m/09j2d,clothing&&0.0,427.77600000000007,416.768,767.232,/m/02p0tk3,human body&&625.664,141.312,864.256,528.384,/m/0dzct,human face&&0.0,575.232,427.008,767.232,/m/09j2d,clothing&&0.0,428.54400000000004,31.744,629.76,/m/04hgtk,human head&&657.408,282.624,713.728,354.81600000000003,/m/0k0pj,human nose&&655.36,394.752,728.064,414.72,/m/0283dt1,human mouth
84	img	124.98413085,23.7420654354,278.15875245,292.7896728444,73,sailboat&&240.32232665,125.11929322889999,328.13415525,257.8486328271,73,sailboat&&148.0345459,252.9473877117,182.75146485,275.8056030153,1,person&&132.65252685000002,248.8925781135,151.21405030000003,275.89154052509997,1,person&&177.16583250000002,250.4553222717,192.89160155000002,270.9933471549,1,person&&181.72027590000002,254.23638915330002,200.4536743,271.2511596843,1,person&&304.30078125,238.2268066281,325.3371582,251.1669311505,1,person&&284.30236815,240.51037597290002,297.5192871,250.6825561437,1,person
85	img	349.184,0.0,882.688,417.024,/m/0cgh4,building
86	img	239.04999999999998,6.144,580.55,1024.0,/m/02p0tk3,human body&&0.683,0.0,357.209,905.216,/m/04yx4,man ( smile, stand )&&344.232,58.368,667.9739999999999,1022.976,/m/04yx4,man ( smile, stand )&&0.0,200.704,336.719,1022.976,/m/02p0tk3,human body&&0.0,138.24,336.036,907.264,/m/09j2d,clothing&&311.44800000000004,198.656,582.5989999999999,889.856,/m/09j2d,clothing&&140.69799999999998,1.024,317.595,245.76,/m/04hgtk,human head&&506.103,62.464,669.34,259.072,/m/04hgtk,human head&&184.41000000000003,43.008,319.644,245.76,/m/0dzct,human face&&140.69799999999998,6.144,301.886,172.032,/m/03q69,human hair&&523.861,104.448,664.559,291.84,/m/0dzct,human face&&0.0,88.064,150.26,247.808,/m/03q69,human hair&&0.0,82.944,118.842,280.576,/m/04yx4,man ( smile )&&0.0,98.304,111.32900000000001,266.24,/m/04hgtk,human head&&529.325,65.536,665.242,190.464,/m/03q69,human hair&&0.0,139.264,76.496,270.336,/m/0dzct,human face&&264.321,121.856,305.984,177.152,/m/0k0pj,human nose&&573.037,231.424,619.481,269.312,/m/0283dt1,human mouth&&499.27299999999997,132.096,529.325,188.416,/m/039xj_,human ear&&593.527,191.488,628.36,238.592,/m/0k0pj,human nose&&243.148,183.296,300.52,209.92,/m/0283dt1,human mouth&&148.211,125.952,179.62900000000002,172.032,/m/039xj_,human ear&&74.447,179.2,104.499,216.064,/m/039xj_,human ear&&571.6709999999999,166.912,599.674,194.56,/m/014sv8,human eye&&0.0,230.4,30.052,254.976,/m/0283dt1,human mouth&&629.726,177.152,659.095,201.728,/m/014sv8,human eye&&288.226,110.592,317.595,135.168,/m/014sv8,human eye&&232.90300000000002,112.64,263.63800000000003,133.12,/m/014sv8,human eye&&4.781,187.392,29.368999999999996,208.896,/m/014sv8,human eye&&0.0,201.728,10.928,231.424,/m/0k0pj,human nose
87	img	191.24,367.616,492.443,627.712,/m/01gmv2,brassiere
88	img	274.8521118,376.82489015,374.191101075,461.91271974999995,192,bathtub&&189.56188964999998,347.44415285,219.357666,425.96002195,154,toilet&&320.12054445,360.05883789999996,350.7186279375,377.663208,77,faucet
89	img	174.40686039,44.0598145024,653.666626012,1024.0,1,person&&697.4479980589999,296.8227538944,740.826538127,432.1486816256,1,person&&651.8450927910001,294.5982665728,692.628173789,426.216674816,1,person&&406.65588380300005,584.3100585984,440.086914015,641.9345702912,255,medal&&867.013183571,296.9863281664,890.227661138,370.573608448,1,person&&886.6110839410001,273.1673583616,911.31225587,335.361328128,1,person&&667.901611334,354.927368192,697.138305674,393.6977539072,14,handbag/satchel&&847.892700226,243.7613524992,867.350097648,279.4897461248,1,person&&876.4659424050001,266.9920654336,891.9041748,298.2485351424,1,person&&873.525390606,249.0544433152,889.845703171,269.4915771392,1,person&&653.9997558279999,410.1242676224,662.763916027,425.2424315904,2,sneakers&&698.697021469,419.9838867456,707.461181668,433.3492431872,2,sneakers&&724.1131591550001,421.2985839616,740.546020529,428.3099365376,2,sneakers&&869.267456102,359.3983154176,877.205688461,370.1383056384,4,other shoes&&664.738769485,422.6148681728,677.306884788,427.8934326272,2,sneakers&&897.406494174,325.9124755456,901.351806602,334.4892577792,4,other shoes
90	img	405.504,136.6,638.976,660.461,/m/03bt1vf,woman ( walk )&&404.48,213.096,628.736,549.815,/m/01xygc,coat&&351.232,329.206,491.52,510.884,/m/0463sg,fashion accessory&&487.424,474.68499999999995,586.752,649.533,/m/035r7c,human leg&&866.304,284.128,1022.976,382.48,/m/0k4j,car&&474.112,349.696,575.488,468.538,/m/0463sg,fashion accessory&&807.936,273.2,907.264,366.771,/m/0pg52,taxi&&425.984,530.691,492.544,644.752,/m/035r7c,human leg&&488.448,539.57,553.984,642.02,/m/0463sg,fashion accessory&&453.632,148.894,533.504,228.805,/m/03q69,human hair&&493.568,581.233,567.296,667.2909999999999,/m/09j5n,footwear&&807.936,296.422,900.096,359.94100000000003,/m/0k4j,car&&437.248,539.57,490.496,624.945,/m/0463sg,fashion accessory&&425.984,581.9159999999999,492.544,642.02,/m/09j5n,footwear&&422.912,581.233,488.448,640.654,/m/0463sg,fashion accessory&&500.736,611.285,575.488,657.0459999999999,/m/0463sg,fashion accessory&&571.392,311.44800000000004,630.784,359.94100000000003,/m/0k4j,car&&618.496,304.618,650.24,360.624,/m/0pg52,taxi&&468.992,326.474,486.4,357.209,/m/0463sg,fashion accessory&&510.976,237.684,522.24,261.589,/m/0463sg,fashion accessory&&468.992,208.315,479.232,220.609,/m/0463sg,fashion accessory&&501.76,357.209,510.976,366.088,/m/0463sg,fashion accessory
91	img	26.122,444.416,705.294,873.472,/m/03bt1vf,woman ( sit )&&461.72400000000005,21.504,653.7560000000001,478.208,/m/04yx4,man ( walk )&&557.034,69.632,672.112,463.872,/m/03bt1vf,woman ( stand )&&189.91400000000002,48.128,294.402,389.12,/m/03bt1vf,woman ( stand )&&340.292,0.0,459.606,265.216,/m/04yx4,man&&133.434,44.032,221.684,393.216,/m/03bt1vf,woman ( stand )&&641.048,47.104,705.294,418.816,/m/04yx4,man ( walk )&&452.546,49.152,532.324,275.456,/m/04yx4,man&&191.32600000000002,35.84,264.044,233.472,/m/03bt1vf,woman ( stand )&&232.274,52.224,310.64,234.496,/m/03bt1vf,woman ( stand )&&632.576,762.88,705.294,866.304,/m/09j5n,footwear&&304.992,55.296,360.06,181.248,/m/03bt1vf,woman ( stand )&&615.632,69.632,662.934,137.216,/m/03bt1vf,woman ( stand )&&302.168,61.44,330.408,141.312,/m/04yx4,man&&649.52,370.688,693.9979999999999,420.864,/m/09j5n,footwear&&527.382,347.136,557.74,400.384,/m/09j5n,footwear&&684.8199999999999,722.944,705.294,766.976,/m/09j5n,footwear&&590.922,458.752,629.046,478.208,/m/09j5n,footwear
92	img	0.6030883805999999,0.8472900608,241.3910522226,511.0573730304,1,person&&58.4948730594,183.289001472,407.8409424054,512.0,10,desk&&346.6447143798,323.1448974848,615.4487304717001,511.06445312,38,moniter/tv&&449.6705322111,9.6828002816,649.8056640681,205.0354003968,38,moniter/tv&&522.4842529098,171.1080932864,669.0,434.227478016,160,computer box&&235.1389770804,181.5963134976,402.6542968608,378.1919555584,38,moniter/tv&&359.9039306445,0.1174926848,514.0522460843999,142.12524416,38,moniter/tv&&105.21405026580001,283.6159057408,243.0859374978,398.3449707008,107,keyboard&&185.9675903421,307.251098624,316.9458618045,420.0105590784,107,keyboard&&531.2548827822,117.231262208,649.0321045194,233.1290893312,126,head phone&&203.6939697459,31.5073242112,291.833496078,168.3944091648,38,moniter/tv&&458.8679199264,198.04534912,563.7181396266,299.216674816,38,moniter/tv&&406.626709011,165.3026733568,494.55371096880003,269.7850341888,38,moniter/tv&&218.9583130113,445.1229248,343.5354004038,511.1044921856,107,keyboard&&120.4784546109,200.8927612416,215.0191650129,277.7070922752,107,keyboard&&354.7534179906,135.1351928832,430.5399169905,223.062255872,38,moniter/tv&&316.12438968000004,111.2219848704,384.5529785478,195.1021728768,38,moniter/tv&&430.5399169905,294.0661010944,533.5506591744,323.8656616448,32,microphone&&116.67834474870001,56.1222534144,159.8005981638,111.701965312,8,glasses&&542.1678466715999,85.8068237312,586.4283447147,138.1967773184,1,person&&72.0839233167,211.7733154304,121.12127684160001,236.0926513664,133,remote&&139.85906984640002,258.0199584768,178.1321411193,280.7445678592,116,mouse&&569.8564452978001,85.1025390592,584.889160158,92.2233276416,5,hat
93	img	24.096,222.208,1002.996,662.528,/m/01bjv,bus&&3.012,434.176,463.848,1022.976,/m/0h2r6,van&&126.504,528.384,554.2080000000001,1022.976,/m/03bt1vf,woman ( walk )&&108.432,770.048,542.1600000000001,1022.976,/m/09j2d,clothing
94	img	190.464,24.21,517.12,538.0,/m/04yx4,man ( sing, stand )&&760.832,20.444,1022.976,537.462,/m/04yx4,man ( sing, stand )&&271.36,294.824,772.096,537.462,/m/0342h,guitar&&758.784,412.646,1022.976,537.462,/m/0342h,guitar&&471.04,122.126,582.656,182.382,/m/0hg7b,microphone
95	img	718.848,493.425,891.904,637.245,/m/02xwb,fruit
96	img	241.907959,41.1362304588,367.81048584999996,305.094299301,1,person&&273.04510500000004,93.9029846184,357.88269045,333.0,1,person&&32.2827759,78.8144531202,102.73791505,314.2953491076,1,person&&466.63720705000003,74.9499206544,499.90863035,307.3506469614,1,person&&316.1616211,213.62493895560002,350.708313,252.804321288,207,american football&&327.29345705000003,279.235290528,368.29394529999996,304.3771362153,2,sneakers&&56.53533935,295.4807739162,91.7338867,312.8866577091,2,sneakers&&243.35845945,283.1032714752,268.88708495000003,305.9243164197,2,sneakers&&294.02886965000005,314.4338378802,320.7178955,332.2265625117,2,sneakers&&474.44903565000004,289.29205323179997,499.41827395,307.8583373961,2,sneakers&&27.1387329,300.5091552681,44.9313965,314.82067871879997,2,sneakers
97	img	0.0,83.326,858.112,682.317,/m/01yrx,cat&&0.0,88.79,760.832,682.317,/m/01yrx,cat
98	img	205.9963379,45.6774597171,333.18170165,301.12597656270003,1,person&&142.00268555,276.5977172748,500.0,332.9931030372,10,desk&&383.5383301,161.5562439048,500.0,297.1613159253,1,person&&0.09451295,260.5164794766,212.27630615,333.0,10,desk&&0.30874635,141.59893798800002,106.99713134999999,270.57501220859996,1,person&&92.7428589,174.9037780764,200.07891845,290.5230102426,1,person&&369.4503174,135.86083983,430.15960695,243.16864014779998,3,chair&&171.96520995,210.3840942444,250.73986814999998,271.2953491173,3,chair&&326.44421385,212.5410766695,389.36840820000003,285.1459350669,3,chair&&202.92358399999998,139.6528930809,257.86273194999995,210.22515870569998,3,chair&&455.0996704,135.86083983,500.0,214.6188354642,3,chair&&150.07714845,142.3699951257,200.4213867,211.3073120025,3,chair&&97.8564453,141.64791869159998,144.9619751,209.71539308159998,3,chair&&401.6305542,212.5410766695,499.8500366,239.9696044857,3,chair&&0.18826294999999998,146.6400756708,39.58935545,201.6900634779,3,chair&&319.50183105,135.86083983,366.4011841,179.40563964179998,3,chair&&117.5595093,9.4197082626,130.67456055000002,60.84439087049999,7,lamp&&125.0526123,206.73651124530002,157.57061769999999,219.15911863620002,8,glasses&&160.7010498,38.755950921,172.43548585,61.879791267,7,lamp&&126.086792,226.17169191,137.82531740000002,247.06628416889998,55,pen/pencil&&260.9835205,280.0939941315,279.1090088,289.7414550801,55,pen/pencil&&197.97528075,49.4550170784,208.67437745,62.570037829499995,7,lamp&&414.88293455,209.4495239169,424.7971802,221.0161743216,55,pen/pencil
99	img	411.648,307.20000000000005,1022.976,767.232,/m/04yx4,man ( sit, smile )&&0.0,26.112000000000002,249.856,767.232,/m/04yx4,man ( sit, smile )&&148.48,360.192,500.736,767.232,/m/04yx4,man ( sit, smile )&&805.888,303.36,1013.76,737.28,/m/0dzf4,human arm&&0.0,27.647999999999996,167.936,536.064,/m/04hgtk,human head&&0.0,59.903999999999996,162.816,532.992,/m/0dzct,human face&&323.584,420.096,509.952,767.232,/m/0dzf4,human arm&&475.136,310.27200000000005,695.296,519.168,/m/04hgtk,human head&&815.104,351.744,1002.496,589.056,/m/0k65p,human hand&&497.664,340.224,692.224,543.7439999999999,/m/0dzct,human face&&420.864,613.6320000000001,646.144,767.232,/m/0dzf4,human arm&&272.384,376.32,429.056,589.056,/m/04hgtk,human head&&411.648,621.312,631.808,767.232,/m/0k65p,human hand&&475.136,303.36,626.688,476.15999999999997,/m/03q69,human hair&&185.344,350.208,301.056,570.624,/m/0dzf4,human arm&&277.504,404.736,409.6,582.912,/m/0dzct,human face&&176.128,360.192,293.888,556.0319999999999,/m/0k65p,human hand&&0.0,30.72,149.504,175.104,/m/03q69,human hair&&411.648,423.168,499.712,589.056,/m/0k65p,human hand&&0.0,381.696,94.208,431.61600000000004,/m/0283dt1,human mouth&&591.872,440.832,654.336,502.27200000000005,/m/0283dt1,human mouth&&314.368,515.328,358.4,562.944,/m/0283dt1,human mouth
100	img	0.0,19.200000000000003,1021.952,737.28,/m/07j7r,tree
